{"train/loss": 1.2618, "train/learning_rate": 1.6666666666666667e-06, "train/epoch": 0.01, "train/global_step": 1, "_timestamp": 1716750290.558717, "_runtime": 16.018829107284546, "_step": 0, "_wandb": {"runtime": 24}}