{"train/loss": 0.6144, "train/learning_rate": 0.0, "train/epoch": 3.0, "train/global_step": 789, "_timestamp": 1716754873.1956766, "_runtime": 4519.84469461441, "_step": 789, "train/train_runtime": 4520.6562, "train/train_samples_per_second": 1.394, "train/train_steps_per_second": 0.175, "train/total_flos": 468534715283456.0, "train/train_loss": 0.7056958102756882, "_wandb": {"runtime": 4519}}