{"train/loss": 1.2618, "train/learning_rate": 1.6666666666666667e-06, "train/epoch": 0.01, "train/global_step": 1, "_timestamp": 1716713131.4366827, "_runtime": 19.18545174598694, "_step": 0, "_wandb": {"runtime": 28}}