{"train/loss": 0.9981, "train/learning_rate": 0.0, "train/epoch": 2.99, "train/global_step": 393, "_timestamp": 1716505738.1207182, "_runtime": 3274.688151359558, "_step": 393, "train/train_runtime": 3275.5237, "train/train_samples_per_second": 1.924, "train/train_steps_per_second": 0.12, "train/total_flos": 348701112258560.0, "train/train_loss": 0.8893517063167562, "_wandb": {"runtime": 3275}}