{"train/loss": 1.1052, "train/learning_rate": 1.909307559292236e-05, "train/epoch": 0.49, "train/global_step": 31, "_timestamp": 1716502042.848099, "_runtime": 265.0588479042053, "_step": 30}