{"train/loss": 0.7829, "train/learning_rate": 0.0, "train/epoch": 3.0, "train/global_step": 375, "_timestamp": 1716759506.340069, "_runtime": 1904.4679379463196, "_step": 375, "train/train_runtime": 1905.3114, "train/train_samples_per_second": 1.573, "train/train_steps_per_second": 0.197, "train/total_flos": 142443338559488.0, "train/train_loss": 0.7202032191753387, "_wandb": {"runtime": 1904}}