{"train/loss": 1.0459, "train/learning_rate": 1.3333333333333333e-05, "train/epoch": 0.06, "train/global_step": 4, "_timestamp": 1716502252.4449632, "_runtime": 38.4091911315918, "_step": 3}