{"train/loss": 0.8531, "train/learning_rate": 0.0, "train/epoch": 3.0, "train/global_step": 789, "_timestamp": 1717331383.0951686, "_runtime": 7321.791093587875, "_step": 789, "train/train_runtime": 7322.6085, "train/train_samples_per_second": 1.722, "train/train_steps_per_second": 0.108, "train/total_flos": 633513713700864.0, "train/train_loss": 0.8754482255689091, "_wandb": {"runtime": 7321}}