{"train/loss": 0.718, "train/learning_rate": 0.0, "train/epoch": 3.0, "train/global_step": 189, "_timestamp": 1716179408.257935, "_runtime": 1570.04793715477, "_step": 189, "train/train_runtime": 1570.888, "train/train_samples_per_second": 1.912, "train/train_steps_per_second": 0.12, "train/total_flos": 163951709102080.0, "train/train_loss": 0.9210579083079383, "_wandb": {"runtime": 1570}}