{"train/loss": 0.7027, "train/learning_rate": 0.0, "train/epoch": 2.99, "train/global_step": 375, "_timestamp": 1716761734.7447207, "_runtime": 1866.2589416503906, "_step": 375, "train/train_runtime": 1867.082, "train/train_samples_per_second": 1.608, "train/train_steps_per_second": 0.201, "train/total_flos": 163980145436672.0, "train/train_loss": 0.9230719855626424, "_wandb": {"runtime": 1866}}