{"train/loss": 1.8917, "train/learning_rate": 0.0, "train/epoch": 2.97, "train/global_step": 156, "_timestamp": 1715904369.7215571, "_runtime": 852.9542870521545, "_step": 156, "train/train_runtime": 853.8055, "train/train_samples_per_second": 2.927, "train/train_steps_per_second": 0.183, "train/total_flos": 18572119893504.0, "train/train_loss": 2.0730645007047896, "_wandb": {"runtime": 853}}