{"train/loss": 1.2334, "train/learning_rate": 1.3333333333333333e-05, "train/epoch": 0.06, "train/global_step": 4, "_timestamp": 1716749681.4492164, "_runtime": 100.77250337600708, "_step": 3}