{"train/loss": 1.2618, "train/learning_rate": 1.6666666666666667e-06, "train/epoch": 0.01, "train/global_step": 1, "_timestamp": 1716749168.6296866, "_runtime": 18.223994493484497, "_step": 0, "_wandb": {"runtime": 27}}